incident_id,asset_id,incident_type,incident_date,impact_score,downtime_hours,resolved,response_team
INC-00001,AST-0049,Malware,2025-10-27,6,34,No,Forensics
INC-00002,AST-0474,Unauthorized Access,2025-12-19,1,25,Yes,SOC Tier 2
INC-00003,AST-0329,Malware,2025-06-19,1,25,Yes,SOC Tier 1
INC-00004,AST-0271,Phishing,2025-11-30,4,37,Yes,SOC Tier 1
INC-00005,AST-0273,Data Leak,2026-04-15,6,34,Yes,Forensics
INC-00006,AST-0268,Data Leak,2025-11-26,1,9,No,Incident Response Team
INC-00007,AST-0411,Phishing,2025-06-13,2,29,Yes,Forensics
INC-00008,AST-0491,Malware,2025-06-20,6,34,No,Incident Response Team
INC-00009,AST-0147,DDoS,2025-12-26,5,10,No,Incident Response Team
INC-00010,AST-0108,Malware,2025-12-13,2,13,Yes,SOC Tier 1
INC-00011,AST-0066,Phishing,2026-01-19,6,20,No,SOC Tier 1
INC-00012,AST-0080,DDoS,2026-03-31,1,22,No,Forensics
INC-00013,AST-0172,Unauthorized Access,2025-12-06,1,38,Yes,SOC Tier 1
INC-00014,AST-0225,DDoS,2025-08-24,5,34,No,SOC Tier 2
INC-00015,AST-0030,DDoS,2026-03-08,1,16,Yes,Incident Response Team
INC-00016,AST-0421,Data Leak,2026-04-08,2,32,No,SOC Tier 2
INC-00017,AST-0161,Ransomware,2025-11-19,1,9,Yes,Forensics
INC-00018,AST-0387,Data Leak,2025-04-30,6,7,No,Forensics
INC-00019,AST-0434,Malware,2026-03-01,5,24,No,Incident Response Team
INC-00020,AST-0464,Phishing,2026-03-16,6,43,Yes,Incident Response Team
INC-00021,AST-0138,Data Leak,2025-04-26,6,37,Yes,SOC Tier 1
INC-00022,AST-0086,Ransomware,2025-05-16,4,16,Yes,SOC Tier 1
INC-00023,AST-0070,Malware,2025-05-02,3,12,No,SOC Tier 1
INC-00024,AST-0149,Unauthorized Access,2025-12-20,1,3,Yes,Forensics
INC-00025,AST-0353,Malware,2026-02-08,9,28,Yes,SOC Tier 2
INC-00026,AST-0418,Data Leak,2025-11-24,1,40,Yes,SOC Tier 1
INC-00027,AST-0387,Phishing,2025-07-26,4,25,Yes,SOC Tier 2
INC-00028,AST-0409,Unauthorized Access,2025-12-23,5,35,Yes,Incident Response Team
INC-00029,AST-0135,Data Leak,2025-07-05,3,20,Yes,SOC Tier 1
INC-00030,AST-0431,Phishing,2026-02-06,4,33,No,SOC Tier 2
INC-00031,AST-0412,Ransomware,2025-11-23,6,29,No,SOC Tier 1
INC-00032,AST-0298,Unauthorized Access,2025-09-23,1,34,Yes,Forensics
INC-00033,AST-0065,Ransomware,2025-12-11,5,7,No,SOC Tier 1
INC-00034,AST-0206,Unauthorized Access,2025-12-19,2,25,No,SOC Tier 2
INC-00035,AST-0014,Data Leak,2025-04-26,1,2,Yes,SOC Tier 1
INC-00036,AST-0029,Data Leak,2025-10-25,2,7,No,SOC Tier 1
INC-00037,AST-0189,Phishing,2026-03-26,6,26,Yes,Incident Response Team
INC-00038,AST-0335,DDoS,2025-12-14,3,13,No,Forensics
INC-00039,AST-0121,Ransomware,2025-11-12,6,11,No,Incident Response Team
INC-00040,AST-0265,Ransomware,2025-08-05,5,31,Yes,SOC Tier 1
INC-00041,AST-0022,Malware,2025-12-20,2,47,No,SOC Tier 2
INC-00042,AST-0399,Phishing,2025-08-10,3,42,No,SOC Tier 2
INC-00043,AST-0292,Data Leak,2025-10-19,10,1,Yes,SOC Tier 2
INC-00044,AST-0086,Unauthorized Access,2025-07-19,2,23,Yes,SOC Tier 1
INC-00045,AST-0128,Data Leak,2026-02-21,2,17,No,Forensics
INC-00046,AST-0088,Malware,2026-02-22,6,15,No,Forensics
INC-00047,AST-0307,Phishing,2026-01-06,1,48,No,SOC Tier 2
INC-00048,AST-0275,DDoS,2025-09-19,4,8,No,SOC Tier 1
INC-00049,AST-0403,DDoS,2025-08-08,3,14,No,Incident Response Team
INC-00050,AST-0192,Malware,2025-10-08,5,44,No,Incident Response Team
INC-00051,AST-0267,Ransomware,2025-05-13,3,1,Yes,Forensics
INC-00052,AST-0209,Data Leak,2026-01-07,9,34,Yes,SOC Tier 1
INC-00053,AST-0363,Ransomware,2025-05-08,3,36,No,Forensics
INC-00054,AST-0141,Data Leak,2025-06-15,2,23,No,Forensics
INC-00055,AST-0054,Phishing,2025-10-02,4,12,Yes,SOC Tier 2
INC-00056,AST-0268,Malware,2025-09-23,4,24,No,Forensics
INC-00057,AST-0036,Data Leak,2025-10-20,5,33,No,Incident Response Team
INC-00058,AST-0018,Malware,2025-10-12,5,8,No,Incident Response Team
INC-00059,AST-0420,Unauthorized Access,2025-07-03,5,42,Yes,SOC Tier 2
INC-00060,AST-0002,DDoS,2025-08-25,7,11,No,SOC Tier 2
INC-00061,AST-0277,Unauthorized Access,2025-12-06,8,36,Yes,SOC Tier 1
INC-00062,AST-0198,Unauthorized Access,2025-06-09,4,25,Yes,Forensics
INC-00063,AST-0484,Data Leak,2025-08-14,5,26,Yes,SOC Tier 2
INC-00064,AST-0159,Unauthorized Access,2026-03-15,3,39,Yes,SOC Tier 2
INC-00065,AST-0096,DDoS,2026-01-18,8,48,No,Forensics
INC-00066,AST-0201,Data Leak,2025-08-17,5,29,No,Forensics
INC-00067,AST-0107,Phishing,2026-01-25,5,23,No,SOC Tier 1
INC-00068,AST-0356,Malware,2026-03-15,3,15,No,SOC Tier 2
INC-00069,AST-0068,Data Leak,2025-08-27,7,16,Yes,SOC Tier 1
INC-00070,AST-0330,Phishing,2025-09-16,3,38,Yes,SOC Tier 1
INC-00071,AST-0145,Phishing,2025-06-04,8,25,Yes,SOC Tier 1
INC-00072,AST-0447,Malware,2026-02-04,1,18,No,SOC Tier 1
INC-00073,AST-0151,Ransomware,2025-09-05,6,44,No,Forensics
INC-00074,AST-0267,Data Leak,2025-10-31,2,46,Yes,Incident Response Team
INC-00075,AST-0103,Ransomware,2025-11-19,6,42,Yes,SOC Tier 1
INC-00076,AST-0392,Ransomware,2025-05-26,3,36,Yes,SOC Tier 2
INC-00077,AST-0113,Malware,2025-08-16,3,1,Yes,Forensics
INC-00078,AST-0083,Phishing,2025-07-17,9,40,No,SOC Tier 2
INC-00079,AST-0024,Data Leak,2025-10-13,1,39,No,Incident Response Team
INC-00080,AST-0358,Unauthorized Access,2025-06-01,6,19,Yes,SOC Tier 2
INC-00081,AST-0500,Malware,2025-07-27,3,21,Yes,SOC Tier 1
INC-00082,AST-0162,Phishing,2025-10-06,5,14,No,SOC Tier 2
INC-00083,AST-0054,Data Leak,2025-07-20,1,31,No,Forensics
INC-00084,AST-0500,Malware,2025-06-08,5,39,No,Forensics
INC-00085,AST-0243,Data Leak,2025-05-22,2,34,Yes,Incident Response Team
INC-00086,AST-0122,Data Leak,2025-05-04,4,8,Yes,SOC Tier 1
INC-00087,AST-0020,Ransomware,2025-08-05,4,23,Yes,SOC Tier 1
INC-00088,AST-0435,Data Leak,2025-09-11,4,26,No,SOC Tier 1
INC-00089,AST-0248,Data Leak,2026-03-16,10,21,No,SOC Tier 2
INC-00090,AST-0447,Ransomware,2025-12-09,6,41,No,SOC Tier 1
INC-00091,AST-0075,Phishing,2025-09-24,3,19,No,Incident Response Team
INC-00092,AST-0278,Ransomware,2025-07-20,1,10,No,SOC Tier 2
INC-00093,AST-0286,Ransomware,2026-03-17,1,12,No,Incident Response Team
INC-00094,AST-0397,Malware,2026-03-31,4,0,Yes,Forensics
INC-00095,AST-0330,Unauthorized Access,2025-06-16,4,12,Yes,SOC Tier 1
INC-00096,AST-0256,DDoS,2026-02-24,4,3,Yes,Forensics
INC-00097,AST-0032,Data Leak,2025-08-20,1,48,Yes,SOC Tier 1
INC-00098,AST-0260,Ransomware,2026-04-12,2,21,Yes,SOC Tier 2
INC-00099,AST-0409,Unauthorized Access,2025-11-25,5,12,Yes,Forensics
INC-00100,AST-0317,Phishing,2026-01-20,1,19,Yes,Incident Response Team
INC-00101,AST-0034,DDoS,2025-08-14,3,28,No,SOC Tier 1
INC-00102,AST-0030,Unauthorized Access,2025-06-27,3,27,Yes,Forensics
INC-00103,AST-0466,Phishing,2026-02-05,10,14,No,SOC Tier 1
INC-00104,AST-0352,Ransomware,2025-06-15,1,30,No,Incident Response Team
INC-00105,AST-0208,Data Leak,2025-10-25,1,4,No,SOC Tier 1
INC-00106,AST-0142,Data Leak,2025-10-31,6,22,Yes,Forensics
INC-00107,AST-0196,Phishing,2025-10-13,6,42,Yes,Incident Response Team
INC-00108,AST-0281,DDoS,2025-10-25,7,22,No,SOC Tier 2
INC-00109,AST-0077,Malware,2026-03-22,3,38,Yes,Incident Response Team
INC-00110,AST-0415,Malware,2025-08-12,5,22,No,SOC Tier 1
INC-00111,AST-0458,Ransomware,2025-10-25,6,6,No,Forensics
INC-00112,AST-0192,DDoS,2025-04-24,3,45,No,Incident Response Team
INC-00113,AST-0168,Data Leak,2025-05-19,2,42,Yes,Forensics
INC-00114,AST-0324,Ransomware,2025-09-14,1,31,No,SOC Tier 1
INC-00115,AST-0389,DDoS,2025-10-28,1,0,Yes,SOC Tier 1
INC-00116,AST-0490,DDoS,2025-10-09,6,20,No,SOC Tier 1
INC-00117,AST-0182,DDoS,2025-07-17,5,1,Yes,SOC Tier 2
INC-00118,AST-0133,Malware,2025-07-07,2,34,Yes,SOC Tier 2
INC-00119,AST-0064,Unauthorized Access,2025-11-27,5,25,Yes,SOC Tier 1
INC-00120,AST-0211,Data Leak,2025-08-30,2,23,No,Incident Response Team
INC-00121,AST-0072,Ransomware,2025-05-03,6,47,Yes,Forensics
INC-00122,AST-0247,Data Leak,2025-05-04,5,0,Yes,Forensics
INC-00123,AST-0092,Phishing,2025-08-02,3,38,No,SOC Tier 1
INC-00124,AST-0150,DDoS,2025-10-24,4,44,No,SOC Tier 2
INC-00125,AST-0141,Ransomware,2025-12-03,2,15,No,Forensics
INC-00126,AST-0133,Phishing,2026-03-23,2,3,Yes,Forensics
INC-00127,AST-0451,DDoS,2026-03-08,3,1,Yes,Forensics
INC-00128,AST-0308,Malware,2025-12-25,10,32,No,SOC Tier 1
INC-00129,AST-0005,Phishing,2026-01-01,5,2,Yes,SOC Tier 1
INC-00130,AST-0288,Ransomware,2025-10-14,5,44,No,SOC Tier 2
INC-00131,AST-0461,Malware,2025-08-03,1,12,Yes,Forensics
INC-00132,AST-0229,Malware,2025-11-09,4,6,No,Incident Response Team
INC-00133,AST-0447,DDoS,2025-04-18,5,35,Yes,Incident Response Team
INC-00134,AST-0440,Unauthorized Access,2026-03-10,8,15,Yes,SOC Tier 1
INC-00135,AST-0394,Data Leak,2025-05-26,1,41,No,SOC Tier 1
INC-00136,AST-0271,Unauthorized Access,2025-09-29,3,43,Yes,SOC Tier 2
INC-00137,AST-0437,DDoS,2025-06-06,7,14,No,SOC Tier 1
INC-00138,AST-0422,Unauthorized Access,2026-03-23,4,17,No,Incident Response Team
INC-00139,AST-0076,Unauthorized Access,2025-07-26,3,46,Yes,SOC Tier 2
INC-00140,AST-0163,Malware,2026-01-22,8,28,Yes,Incident Response Team
INC-00141,AST-0136,Ransomware,2025-09-04,10,4,No,SOC Tier 2
INC-00142,AST-0272,DDoS,2026-02-05,5,26,No,Forensics
INC-00143,AST-0278,Phishing,2025-09-18,4,26,Yes,SOC Tier 2
INC-00144,AST-0396,Ransomware,2025-09-04,3,48,No,SOC Tier 1
INC-00145,AST-0167,Phishing,2025-05-02,3,0,Yes,Forensics
INC-00146,AST-0296,Ransomware,2025-09-17,1,34,No,SOC Tier 1
INC-00147,AST-0476,DDoS,2025-05-04,2,31,No,SOC Tier 1
INC-00148,AST-0366,Unauthorized Access,2025-11-22,2,33,No,SOC Tier 1
INC-00149,AST-0223,Malware,2025-11-19,3,25,Yes,SOC Tier 1
INC-00150,AST-0005,Unauthorized Access,2025-06-29,4,15,No,SOC Tier 1
INC-00151,AST-0126,Malware,2025-09-02,3,8,Yes,Forensics
INC-00152,AST-0148,Malware,2025-11-15,9,39,Yes,SOC Tier 1
INC-00153,AST-0411,Data Leak,2025-08-05,2,2,Yes,SOC Tier 2
INC-00154,AST-0163,Ransomware,2025-05-13,7,15,Yes,SOC Tier 2
INC-00155,AST-0215,Phishing,2025-09-12,3,1,No,Incident Response Team
INC-00156,AST-0272,Ransomware,2025-10-27,2,12,No,Incident Response Team
INC-00157,AST-0240,Unauthorized Access,2025-10-06,5,44,No,SOC Tier 2
INC-00158,AST-0404,Data Leak,2026-02-05,1,41,Yes,Forensics
INC-00159,AST-0326,Malware,2025-11-14,1,39,No,SOC Tier 1
INC-00160,AST-0254,Unauthorized Access,2025-08-01,2,22,No,Incident Response Team
INC-00161,AST-0269,DDoS,2026-03-01,6,16,No,SOC Tier 2
INC-00162,AST-0496,DDoS,2025-12-13,7,18,No,Incident Response Team
INC-00163,AST-0291,Phishing,2026-01-04,3,32,Yes,SOC Tier 1
INC-00164,AST-0498,Malware,2025-12-08,5,40,Yes,Forensics
INC-00165,AST-0084,Ransomware,2025-05-31,3,22,Yes,Incident Response Team
INC-00166,AST-0289,DDoS,2025-06-03,3,25,No,SOC Tier 2
INC-00167,AST-0121,Data Leak,2025-05-22,2,43,No,SOC Tier 2
INC-00168,AST-0041,Unauthorized Access,2025-09-14,1,39,No,SOC Tier 1
INC-00169,AST-0163,Ransomware,2025-09-06,9,26,No,SOC Tier 1
INC-00170,AST-0146,Unauthorized Access,2026-02-17,2,6,No,SOC Tier 2
INC-00171,AST-0291,Data Leak,2025-08-24,3,27,Yes,Forensics
INC-00172,AST-0149,DDoS,2025-11-17,1,28,Yes,Forensics
INC-00173,AST-0151,Malware,2026-04-14,4,8,Yes,Incident Response Team
INC-00174,AST-0066,DDoS,2025-09-03,1,32,No,SOC Tier 1
INC-00175,AST-0467,DDoS,2026-02-02,1,12,Yes,SOC Tier 1
INC-00176,AST-0302,Phishing,2025-06-10,10,43,Yes,Forensics
INC-00177,AST-0234,Malware,2025-07-01,10,20,No,SOC Tier 1
INC-00178,AST-0373,Data Leak,2025-12-04,3,28,Yes,Incident Response Team
INC-00179,AST-0047,Phishing,2025-10-29,2,16,No,SOC Tier 1
INC-00180,AST-0065,Phishing,2025-09-17,2,37,No,Incident Response Team
INC-00181,AST-0497,Data Leak,2025-10-26,4,16,Yes,Forensics
INC-00182,AST-0461,Ransomware,2025-04-30,3,47,No,SOC Tier 2
INC-00183,AST-0225,Ransomware,2025-05-02,1,20,No,SOC Tier 1
INC-00184,AST-0196,Ransomware,2025-04-30,3,29,Yes,SOC Tier 1
INC-00185,AST-0317,Data Leak,2025-06-07,6,40,No,Forensics
INC-00186,AST-0457,DDoS,2026-01-17,6,45,No,SOC Tier 2
INC-00187,AST-0127,DDoS,2025-08-22,4,24,Yes,SOC Tier 2
INC-00188,AST-0270,DDoS,2026-02-21,2,45,No,Incident Response Team
INC-00189,AST-0075,Ransomware,2025-10-15,6,35,No,Forensics
INC-00190,AST-0298,Malware,2025-11-02,5,23,No,SOC Tier 1
INC-00191,AST-0251,Phishing,2025-10-09,2,47,No,Forensics
INC-00192,AST-0032,Malware,2025-06-11,6,34,No,SOC Tier 2
INC-00193,AST-0030,Ransomware,2025-12-06,1,6,Yes,SOC Tier 2
INC-00194,AST-0408,Data Leak,2026-03-27,1,23,No,Forensics
INC-00195,AST-0211,Phishing,2025-11-01,2,12,Yes,Forensics
INC-00196,AST-0456,Ransomware,2025-06-08,8,8,Yes,Forensics
INC-00197,AST-0395,DDoS,2025-08-20,3,2,Yes,SOC Tier 2
INC-00198,AST-0234,Phishing,2026-04-11,9,48,Yes,Forensics
INC-00199,AST-0456,Unauthorized Access,2025-12-09,10,39,Yes,Incident Response Team
INC-00200,AST-0210,Unauthorized Access,2025-08-16,8,30,Yes,SOC Tier 2
INC-00201,AST-0331,Ransomware,2025-06-17,2,34,No,SOC Tier 2
INC-00202,AST-0262,Phishing,2025-09-14,1,15,Yes,SOC Tier 1
INC-00203,AST-0402,Malware,2025-12-10,5,16,Yes,SOC Tier 1
INC-00204,AST-0321,Data Leak,2026-01-27,4,12,Yes,SOC Tier 2
INC-00205,AST-0292,DDoS,2026-03-08,9,8,Yes,Incident Response Team
INC-00206,AST-0462,Ransomware,2025-08-09,4,4,Yes,SOC Tier 1
INC-00207,AST-0168,Unauthorized Access,2025-12-01,6,21,No,SOC Tier 1
INC-00208,AST-0416,DDoS,2025-08-23,3,44,No,SOC Tier 2
INC-00209,AST-0192,Malware,2025-10-29,4,28,No,Forensics
INC-00210,AST-0040,Ransomware,2026-03-02,5,38,Yes,SOC Tier 2
INC-00211,AST-0103,Phishing,2025-10-29,5,7,Yes,SOC Tier 1
INC-00212,AST-0390,Unauthorized Access,2025-11-07,6,18,Yes,SOC Tier 2
INC-00213,AST-0188,Phishing,2025-10-22,6,11,No,SOC Tier 2
INC-00214,AST-0338,Unauthorized Access,2026-01-15,8,28,No,Forensics
INC-00215,AST-0192,Phishing,2025-11-19,2,4,No,SOC Tier 1
INC-00216,AST-0488,Unauthorized Access,2025-08-09,4,19,No,SOC Tier 1
INC-00217,AST-0354,Malware,2025-10-16,4,13,No,SOC Tier 1
INC-00218,AST-0067,Unauthorized Access,2026-02-25,8,2,No,Incident Response Team
INC-00219,AST-0090,Data Leak,2025-04-21,2,32,No,SOC Tier 2
INC-00220,AST-0109,Malware,2025-09-05,9,46,Yes,Forensics
INC-00221,AST-0460,DDoS,2025-08-21,6,46,Yes,SOC Tier 2
INC-00222,AST-0070,DDoS,2026-01-01,4,1,No,Forensics
INC-00223,AST-0161,Data Leak,2025-05-27,3,10,No,Forensics
INC-00224,AST-0444,Phishing,2025-09-23,4,23,Yes,Forensics
INC-00225,AST-0439,Malware,2025-11-27,2,2,Yes,Forensics
INC-00226,AST-0362,Data Leak,2025-08-12,2,42,No,Forensics
INC-00227,AST-0042,Unauthorized Access,2026-02-18,3,46,Yes,Incident Response Team
INC-00228,AST-0315,Unauthorized Access,2026-03-30,5,17,No,Forensics
INC-00229,AST-0131,Data Leak,2026-01-21,6,13,Yes,SOC Tier 2
INC-00230,AST-0051,Ransomware,2026-03-19,5,36,No,Incident Response Team
INC-00231,AST-0277,DDoS,2026-01-07,7,38,No,SOC Tier 1
INC-00232,AST-0378,Ransomware,2025-12-15,5,39,No,Incident Response Team
INC-00233,AST-0480,DDoS,2025-04-25,1,38,Yes,SOC Tier 2
INC-00234,AST-0010,Unauthorized Access,2025-12-02,4,18,Yes,SOC Tier 2
INC-00235,AST-0278,Ransomware,2025-10-16,2,14,No,Forensics
INC-00236,AST-0215,Phishing,2025-07-27,1,6,Yes,SOC Tier 1
INC-00237,AST-0445,Malware,2025-12-25,6,21,No,Incident Response Team
INC-00238,AST-0029,DDoS,2026-02-13,2,1,Yes,SOC Tier 1
INC-00239,AST-0257,Ransomware,2026-02-10,2,28,No,SOC Tier 2
INC-00240,AST-0433,Phishing,2025-11-25,2,37,No,Forensics
INC-00241,AST-0339,Phishing,2025-11-25,3,40,Yes,Incident Response Team
INC-00242,AST-0161,Ransomware,2025-07-12,4,29,No,SOC Tier 1
INC-00243,AST-0411,Data Leak,2026-01-20,5,33,Yes,SOC Tier 2
INC-00244,AST-0147,Unauthorized Access,2025-05-04,2,33,No,SOC Tier 1
INC-00245,AST-0481,Ransomware,2025-11-27,3,34,No,SOC Tier 1
INC-00246,AST-0038,Data Leak,2025-10-18,10,3,No,SOC Tier 1
INC-00247,AST-0356,Phishing,2025-06-20,6,44,No,Incident Response Team
INC-00248,AST-0463,DDoS,2025-11-04,4,29,No,Forensics
INC-00249,AST-0348,Ransomware,2025-12-15,7,20,No,Forensics
INC-00250,AST-0066,DDoS,2026-01-20,5,36,No,SOC Tier 2
INC-00251,AST-0073,Malware,2025-12-11,8,39,No,SOC Tier 2
INC-00252,AST-0334,Unauthorized Access,2026-02-09,2,7,Yes,SOC Tier 1
INC-00253,AST-0449,Phishing,2026-03-07,5,26,Yes,Forensics
INC-00254,AST-0012,Phishing,2025-09-09,4,0,Yes,Forensics
INC-00255,AST-0211,DDoS,2025-06-11,3,20,No,Forensics
INC-00256,AST-0360,DDoS,2026-02-28,3,31,No,Incident Response Team
INC-00257,AST-0033,DDoS,2026-01-04,3,31,No,SOC Tier 1
INC-00258,AST-0138,DDoS,2025-07-18,2,30,No,Incident Response Team
INC-00259,AST-0076,Malware,2025-04-27,1,3,No,Forensics
INC-00260,AST-0279,Data Leak,2025-11-23,3,26,Yes,Incident Response Team
INC-00261,AST-0297,Malware,2026-01-12,6,22,Yes,Forensics
INC-00262,AST-0041,DDoS,2025-05-27,4,16,No,SOC Tier 1
INC-00263,AST-0121,Phishing,2025-06-28,2,16,No,Incident Response Team
INC-00264,AST-0305,Data Leak,2025-04-22,7,37,No,Incident Response Team
INC-00265,AST-0495,Phishing,2025-10-03,7,12,Yes,Forensics
INC-00266,AST-0297,Unauthorized Access,2025-08-14,5,1,Yes,Incident Response Team
INC-00267,AST-0318,Malware,2025-09-24,10,46,Yes,Forensics
INC-00268,AST-0344,Phishing,2025-06-12,7,26,Yes,SOC Tier 1
INC-00269,AST-0424,DDoS,2025-09-22,5,17,Yes,SOC Tier 2
INC-00270,AST-0163,Malware,2026-01-08,10,11,Yes,Incident Response Team
INC-00271,AST-0470,Malware,2025-07-03,6,34,Yes,SOC Tier 1
INC-00272,AST-0164,Ransomware,2025-09-21,9,4,Yes,Incident Response Team
INC-00273,AST-0081,Data Leak,2025-10-26,6,0,No,SOC Tier 1
INC-00274,AST-0034,Unauthorized Access,2026-02-09,5,38,No,Forensics
INC-00275,AST-0026,DDoS,2025-12-08,2,21,Yes,Incident Response Team
INC-00276,AST-0186,Phishing,2026-04-07,1,23,No,Incident Response Team
INC-00277,AST-0373,Malware,2025-10-15,5,19,No,SOC Tier 1
INC-00278,AST-0320,Phishing,2026-03-19,10,22,No,Forensics
INC-00279,AST-0207,Data Leak,2026-03-10,3,0,No,Forensics
INC-00280,AST-0157,Ransomware,2026-01-25,6,14,No,SOC Tier 1
INC-00281,AST-0058,Data Leak,2026-01-22,3,40,Yes,SOC Tier 2
INC-00282,AST-0126,Unauthorized Access,2025-05-09,6,0,Yes,Incident Response Team
INC-00283,AST-0073,Phishing,2026-01-14,9,41,Yes,SOC Tier 2
INC-00284,AST-0428,DDoS,2025-06-07,1,33,Yes,Incident Response Team
INC-00285,AST-0103,DDoS,2025-11-02,5,39,Yes,Forensics
INC-00286,AST-0263,DDoS,2025-07-04,2,9,Yes,SOC Tier 2
INC-00287,AST-0495,Data Leak,2025-11-18,7,47,No,Forensics
INC-00288,AST-0021,DDoS,2025-08-19,4,34,No,Forensics
INC-00289,AST-0479,Data Leak,2025-12-28,3,23,Yes,Incident Response Team
INC-00290,AST-0061,Data Leak,2025-10-17,1,27,No,SOC Tier 2
INC-00291,AST-0490,Malware,2025-11-05,2,32,Yes,Incident Response Team
INC-00292,AST-0207,Data Leak,2025-09-08,6,25,No,SOC Tier 1
INC-00293,AST-0355,Unauthorized Access,2025-08-14,5,10,Yes,SOC Tier 2
INC-00294,AST-0089,Unauthorized Access,2025-06-21,2,1,No,Forensics
INC-00295,AST-0126,Data Leak,2025-10-10,6,48,No,SOC Tier 2
INC-00296,AST-0220,Unauthorized Access,2026-04-04,4,30,No,SOC Tier 2
INC-00297,AST-0287,Unauthorized Access,2025-11-08,1,12,Yes,Forensics
INC-00298,AST-0450,Phishing,2025-08-25,4,37,Yes,SOC Tier 1
INC-00299,AST-0319,Malware,2025-11-13,9,33,Yes,Forensics
INC-00300,AST-0216,DDoS,2025-08-30,8,9,No,Incident Response Team
INC-00301,AST-0410,Data Leak,2026-01-02,3,19,No,SOC Tier 1
INC-00302,AST-0337,Phishing,2026-02-08,10,15,Yes,Forensics
INC-00303,AST-0359,Phishing,2026-03-17,8,41,No,SOC Tier 1
INC-00304,AST-0117,Data Leak,2026-01-19,4,32,Yes,SOC Tier 2
INC-00305,AST-0147,Phishing,2026-01-04,2,30,Yes,SOC Tier 1
INC-00306,AST-0219,DDoS,2025-12-20,10,17,No,SOC Tier 1
INC-00307,AST-0012,Data Leak,2026-02-21,6,17,No,Forensics
INC-00308,AST-0006,DDoS,2026-01-09,5,45,No,SOC Tier 1
INC-00309,AST-0499,Unauthorized Access,2025-07-26,6,26,No,Incident Response Team
INC-00310,AST-0440,Phishing,2025-12-07,9,37,Yes,SOC Tier 1
INC-00311,AST-0340,Ransomware,2025-10-20,4,13,No,SOC Tier 1
INC-00312,AST-0351,Data Leak,2025-06-28,3,4,No,Forensics
INC-00313,AST-0189,Malware,2025-07-19,5,35,No,Incident Response Team
INC-00314,AST-0233,Data Leak,2025-08-01,5,48,No,SOC Tier 2
INC-00315,AST-0297,Data Leak,2025-11-17,4,13,No,Forensics
INC-00316,AST-0058,Phishing,2025-08-08,4,33,Yes,SOC Tier 2
INC-00317,AST-0215,Ransomware,2025-07-11,1,30,No,SOC Tier 1
INC-00318,AST-0012,Phishing,2026-04-15,2,37,No,SOC Tier 1
INC-00319,AST-0313,Malware,2025-08-08,8,40,Yes,Incident Response Team
INC-00320,AST-0240,Malware,2026-02-08,6,35,Yes,SOC Tier 2
INC-00321,AST-0190,Ransomware,2025-08-05,5,34,No,SOC Tier 1
INC-00322,AST-0086,Phishing,2026-01-13,5,1,No,SOC Tier 1
INC-00323,AST-0074,Unauthorized Access,2025-07-04,10,45,Yes,SOC Tier 1
INC-00324,AST-0238,Unauthorized Access,2026-01-08,7,37,Yes,SOC Tier 2
INC-00325,AST-0147,Phishing,2026-01-13,4,37,Yes,Forensics
INC-00326,AST-0039,Data Leak,2025-10-21,5,14,Yes,Incident Response Team
INC-00327,AST-0166,Data Leak,2025-08-16,6,42,No,Incident Response Team
INC-00328,AST-0037,Unauthorized Access,2025-10-18,5,2,Yes,Incident Response Team
INC-00329,AST-0301,Unauthorized Access,2025-08-28,1,31,No,Forensics
INC-00330,AST-0121,Data Leak,2025-11-18,5,26,Yes,SOC Tier 2
INC-00331,AST-0498,DDoS,2026-04-12,3,44,No,SOC Tier 1
INC-00332,AST-0358,Unauthorized Access,2026-04-12,4,15,Yes,SOC Tier 2
INC-00333,AST-0240,Phishing,2026-02-17,6,6,No,Incident Response Team
INC-00334,AST-0445,Ransomware,2026-01-20,3,2,No,Forensics
INC-00335,AST-0128,Malware,2025-07-30,6,22,Yes,SOC Tier 1
INC-00336,AST-0409,Unauthorized Access,2025-08-04,5,39,Yes,Incident Response Team
INC-00337,AST-0394,DDoS,2025-06-01,6,16,Yes,Incident Response Team
INC-00338,AST-0458,Data Leak,2025-11-23,3,34,Yes,SOC Tier 1
INC-00339,AST-0343,DDoS,2026-01-02,1,4,No,Forensics
INC-00340,AST-0307,Ransomware,2025-11-11,1,44,Yes,SOC Tier 2
INC-00341,AST-0484,Ransomware,2025-09-09,2,20,Yes,SOC Tier 2
INC-00342,AST-0363,Data Leak,2026-03-28,4,28,Yes,Incident Response Team
INC-00343,AST-0001,Unauthorized Access,2025-09-15,6,34,Yes,SOC Tier 1
INC-00344,AST-0418,Ransomware,2026-02-26,5,28,No,Forensics
INC-00345,AST-0107,Malware,2025-08-27,5,9,Yes,Incident Response Team
INC-00346,AST-0394,DDoS,2026-02-09,6,22,No,Incident Response Team
INC-00347,AST-0106,Unauthorized Access,2026-02-21,3,30,No,SOC Tier 1
INC-00348,AST-0275,Unauthorized Access,2025-06-10,2,46,No,Incident Response Team
INC-00349,AST-0398,Malware,2025-08-05,1,27,Yes,SOC Tier 2
INC-00350,AST-0229,DDoS,2025-05-01,5,30,Yes,Forensics
INC-00351,AST-0070,Ransomware,2025-08-04,5,13,Yes,Incident Response Team
INC-00352,AST-0120,Unauthorized Access,2026-01-17,5,23,No,SOC Tier 2
INC-00353,AST-0394,Ransomware,2025-05-15,5,42,Yes,Forensics
INC-00354,AST-0078,Malware,2025-08-27,2,32,No,SOC Tier 2
INC-00355,AST-0491,Malware,2026-04-08,6,8,Yes,Incident Response Team
INC-00356,AST-0086,DDoS,2025-10-03,5,45,No,SOC Tier 2
INC-00357,AST-0421,Phishing,2025-12-25,2,11,No,SOC Tier 1
INC-00358,AST-0178,Ransomware,2025-07-23,4,23,Yes,Incident Response Team
INC-00359,AST-0435,Ransomware,2026-01-30,6,16,Yes,Forensics
INC-00360,AST-0110,Malware,2025-10-18,10,29,Yes,Incident Response Team
INC-00361,AST-0366,Unauthorized Access,2025-07-07,3,30,No,Forensics
INC-00362,AST-0126,Ransomware,2025-07-02,2,7,No,Incident Response Team
INC-00363,AST-0023,DDoS,2026-03-02,5,41,Yes,Forensics
INC-00364,AST-0335,Ransomware,2025-11-10,3,39,Yes,Forensics
INC-00365,AST-0478,Unauthorized Access,2025-07-29,1,0,No,SOC Tier 1
INC-00366,AST-0347,Phishing,2026-04-12,2,4,Yes,Forensics
INC-00367,AST-0136,Ransomware,2025-11-19,7,18,Yes,SOC Tier 2
INC-00368,AST-0010,DDoS,2026-01-10,3,42,No,Forensics
INC-00369,AST-0342,Malware,2025-07-29,6,45,No,SOC Tier 2
INC-00370,AST-0154,Unauthorized Access,2025-06-07,6,28,No,SOC Tier 1
INC-00371,AST-0027,Phishing,2025-05-27,6,37,Yes,Forensics
INC-00372,AST-0494,Ransomware,2025-12-10,3,40,Yes,SOC Tier 2
INC-00373,AST-0441,Phishing,2026-01-27,1,27,No,SOC Tier 1
INC-00374,AST-0125,Ransomware,2025-11-28,5,41,No,SOC Tier 2
INC-00375,AST-0319,Data Leak,2025-07-16,7,12,No,Forensics
INC-00376,AST-0377,Unauthorized Access,2025-07-18,4,7,No,Forensics
INC-00377,AST-0410,Unauthorized Access,2025-05-04,4,4,Yes,SOC Tier 2
INC-00378,AST-0296,Ransomware,2025-12-31,3,25,Yes,Incident Response Team
INC-00379,AST-0203,Malware,2026-04-01,2,8,Yes,SOC Tier 2
INC-00380,AST-0428,Ransomware,2025-11-07,6,14,No,SOC Tier 1
INC-00381,AST-0454,Phishing,2025-07-11,1,46,No,Forensics
INC-00382,AST-0322,Phishing,2025-12-18,5,26,No,Incident Response Team
INC-00383,AST-0017,Malware,2025-07-14,7,30,No,SOC Tier 1
INC-00384,AST-0164,Phishing,2025-05-05,9,40,No,Incident Response Team
INC-00385,AST-0422,Malware,2025-05-23,4,17,No,SOC Tier 1
INC-00386,AST-0133,Phishing,2025-09-22,5,13,Yes,Incident Response Team
INC-00387,AST-0311,Unauthorized Access,2025-08-21,1,19,No,Incident Response Team
INC-00388,AST-0227,DDoS,2026-01-18,4,8,No,SOC Tier 1
INC-00389,AST-0091,Data Leak,2025-10-15,1,24,Yes,Forensics
INC-00390,AST-0048,Unauthorized Access,2025-05-24,2,13,Yes,Incident Response Team
INC-00391,AST-0140,Ransomware,2026-01-04,6,24,No,Incident Response Team
INC-00392,AST-0255,Ransomware,2026-02-08,8,11,No,Forensics
INC-00393,AST-0054,DDoS,2025-06-07,4,5,No,SOC Tier 1
INC-00394,AST-0109,Phishing,2025-04-17,7,35,No,SOC Tier 1
INC-00395,AST-0409,Ransomware,2025-11-14,2,21,No,SOC Tier 1
INC-00396,AST-0063,Ransomware,2026-04-10,6,13,No,Incident Response Team
INC-00397,AST-0361,DDoS,2025-06-15,6,35,No,Forensics
INC-00398,AST-0095,Phishing,2025-09-20,2,34,Yes,SOC Tier 1
INC-00399,AST-0169,Unauthorized Access,2025-12-24,3,48,Yes,SOC Tier 2
INC-00400,AST-0118,DDoS,2026-04-13,7,23,No,Forensics
INC-00401,AST-0191,Ransomware,2026-03-23,6,44,Yes,Incident Response Team
INC-00402,AST-0240,Unauthorized Access,2026-03-22,6,18,Yes,SOC Tier 2
INC-00403,AST-0356,Malware,2025-10-16,3,7,No,Forensics
INC-00404,AST-0168,Data Leak,2025-10-17,5,29,No,SOC Tier 2
INC-00405,AST-0412,Phishing,2025-12-23,1,44,Yes,Incident Response Team
INC-00406,AST-0015,Data Leak,2025-07-01,1,20,No,SOC Tier 2
INC-00407,AST-0062,Unauthorized Access,2026-02-02,4,41,No,Forensics
INC-00408,AST-0282,Data Leak,2025-08-04,7,12,Yes,Incident Response Team
INC-00409,AST-0118,Malware,2025-08-17,7,6,No,SOC Tier 2
INC-00410,AST-0413,DDoS,2025-08-03,1,13,Yes,Incident Response Team
INC-00411,AST-0391,Malware,2025-12-21,1,16,Yes,Forensics
INC-00412,AST-0016,Data Leak,2025-05-07,4,26,Yes,SOC Tier 1
INC-00413,AST-0069,Unauthorized Access,2026-04-02,1,35,Yes,Forensics
INC-00414,AST-0216,Malware,2026-02-07,7,39,No,Incident Response Team
INC-00415,AST-0459,DDoS,2025-05-19,4,8,No,Forensics
INC-00416,AST-0332,Unauthorized Access,2025-12-24,1,41,Yes,SOC Tier 2
INC-00417,AST-0406,Data Leak,2025-11-23,4,42,Yes,SOC Tier 2
INC-00418,AST-0189,Malware,2025-07-14,6,23,No,SOC Tier 2
INC-00419,AST-0008,Ransomware,2025-11-08,6,12,Yes,Forensics
INC-00420,AST-0276,Malware,2026-01-26,1,11,Yes,SOC Tier 1
INC-00421,AST-0155,Data Leak,2026-01-20,8,27,No,Incident Response Team
INC-00422,AST-0338,Ransomware,2026-03-11,7,20,Yes,SOC Tier 2
INC-00423,AST-0337,Ransomware,2026-04-13,9,6,Yes,Incident Response Team
INC-00424,AST-0274,Malware,2025-04-29,8,25,No,Forensics
INC-00425,AST-0144,Malware,2026-04-04,1,20,Yes,Incident Response Team
INC-00426,AST-0446,Ransomware,2026-04-07,3,37,Yes,SOC Tier 1
INC-00427,AST-0466,Unauthorized Access,2025-06-21,7,27,Yes,SOC Tier 2
INC-00428,AST-0340,Data Leak,2025-09-24,6,9,Yes,SOC Tier 2
INC-00429,AST-0212,DDoS,2026-03-23,2,2,Yes,Incident Response Team
INC-00430,AST-0056,Data Leak,2026-03-06,2,8,Yes,SOC Tier 2
INC-00431,AST-0071,DDoS,2025-06-22,1,24,Yes,SOC Tier 1
INC-00432,AST-0427,Ransomware,2026-04-12,1,47,Yes,SOC Tier 1
INC-00433,AST-0037,Phishing,2026-04-07,1,16,No,SOC Tier 2
INC-00434,AST-0271,Data Leak,2025-04-29,2,6,Yes,SOC Tier 2
INC-00435,AST-0070,Phishing,2026-03-05,6,23,Yes,Forensics
INC-00436,AST-0188,Phishing,2025-09-16,1,10,Yes,Incident Response Team
INC-00437,AST-0126,Unauthorized Access,2026-02-15,3,43,No,Incident Response Team
INC-00438,AST-0245,Phishing,2025-10-24,2,19,Yes,Forensics
INC-00439,AST-0069,DDoS,2025-06-26,3,39,No,Forensics
INC-00440,AST-0480,Phishing,2026-04-13,1,16,No,Forensics
INC-00441,AST-0064,DDoS,2026-01-30,2,11,Yes,Incident Response Team
INC-00442,AST-0099,Unauthorized Access,2026-03-19,2,48,No,Forensics
INC-00443,AST-0488,Phishing,2026-04-09,6,17,No,SOC Tier 2
INC-00444,AST-0091,Unauthorized Access,2025-08-05,5,14,No,Forensics
INC-00445,AST-0401,DDoS,2026-03-21,1,44,Yes,Forensics
INC-00446,AST-0355,DDoS,2025-04-29,4,21,Yes,Incident Response Team
INC-00447,AST-0129,Unauthorized Access,2025-04-18,4,10,No,SOC Tier 2
INC-00448,AST-0157,Data Leak,2025-08-08,6,3,No,Forensics
INC-00449,AST-0474,Malware,2025-11-21,3,17,No,Incident Response Team
INC-00450,AST-0191,Phishing,2025-12-05,2,25,No,SOC Tier 2
INC-00451,AST-0004,Unauthorized Access,2025-05-26,9,17,No,Forensics
INC-00452,AST-0158,DDoS,2026-04-10,6,42,Yes,Incident Response Team
INC-00453,AST-0294,Data Leak,2025-08-23,2,37,No,SOC Tier 2
INC-00454,AST-0072,Data Leak,2025-08-03,6,35,No,SOC Tier 2
INC-00455,AST-0079,DDoS,2025-10-08,2,12,No,Forensics
INC-00456,AST-0275,Phishing,2025-12-20,5,19,Yes,Incident Response Team
INC-00457,AST-0141,Malware,2025-11-11,4,10,No,Forensics
INC-00458,AST-0088,Ransomware,2025-11-04,2,40,Yes,Incident Response Team
INC-00459,AST-0356,Phishing,2025-10-23,3,42,No,Forensics
INC-00460,AST-0383,DDoS,2026-03-26,5,32,No,SOC Tier 2
INC-00461,AST-0250,Data Leak,2026-04-14,6,1,No,SOC Tier 1
INC-00462,AST-0465,Ransomware,2025-06-06,4,34,Yes,Incident Response Team
INC-00463,AST-0291,Unauthorized Access,2026-03-11,5,37,Yes,SOC Tier 1
INC-00464,AST-0301,Malware,2025-10-27,4,22,Yes,SOC Tier 1
INC-00465,AST-0123,Unauthorized Access,2025-10-13,7,32,Yes,Forensics
INC-00466,AST-0189,Malware,2025-07-29,1,15,Yes,Forensics
INC-00467,AST-0456,Unauthorized Access,2025-06-28,8,8,No,SOC Tier 1
INC-00468,AST-0088,Ransomware,2026-02-23,4,10,Yes,SOC Tier 1
INC-00469,AST-0419,Data Leak,2025-05-28,3,39,No,Forensics
INC-00470,AST-0287,Ransomware,2025-08-21,5,1,Yes,Forensics
INC-00471,AST-0044,DDoS,2025-06-17,6,36,Yes,SOC Tier 1
INC-00472,AST-0409,Malware,2026-01-23,2,18,No,SOC Tier 2
INC-00473,AST-0384,Unauthorized Access,2025-10-10,9,25,Yes,Incident Response Team
INC-00474,AST-0290,DDoS,2025-12-22,6,9,Yes,Forensics
INC-00475,AST-0119,DDoS,2025-07-23,6,22,No,SOC Tier 2
INC-00476,AST-0385,Data Leak,2026-01-19,2,6,No,SOC Tier 2
INC-00477,AST-0143,Data Leak,2025-06-26,6,37,No,SOC Tier 1
INC-00478,AST-0046,Unauthorized Access,2025-04-20,2,36,No,SOC Tier 1
INC-00479,AST-0262,Malware,2026-01-26,6,11,No,Forensics
INC-00480,AST-0088,DDoS,2025-08-23,6,36,No,SOC Tier 1
INC-00481,AST-0053,Unauthorized Access,2026-02-16,5,28,Yes,Forensics
INC-00482,AST-0426,Phishing,2025-08-07,8,21,Yes,SOC Tier 1
INC-00483,AST-0471,Malware,2025-11-21,1,24,Yes,SOC Tier 2
INC-00484,AST-0198,Data Leak,2026-01-01,3,1,Yes,Forensics
INC-00485,AST-0418,Phishing,2026-02-03,6,36,No,SOC Tier 1
INC-00486,AST-0240,Phishing,2025-06-29,1,14,Yes,Incident Response Team
INC-00487,AST-0367,Phishing,2025-06-22,9,30,No,Forensics
INC-00488,AST-0215,Phishing,2025-12-08,6,43,No,SOC Tier 1
INC-00489,AST-0268,Malware,2026-03-13,3,36,No,SOC Tier 1
INC-00490,AST-0403,Malware,2025-12-19,6,4,No,Forensics
INC-00491,AST-0372,Phishing,2026-03-29,5,2,Yes,Incident Response Team
INC-00492,AST-0450,Malware,2025-09-19,5,6,No,SOC Tier 1
INC-00493,AST-0080,Data Leak,2026-03-02,3,41,Yes,SOC Tier 1
INC-00494,AST-0159,DDoS,2025-09-28,1,41,Yes,SOC Tier 1
INC-00495,AST-0105,Data Leak,2025-11-01,2,35,No,Forensics
INC-00496,AST-0018,Unauthorized Access,2025-08-20,1,34,Yes,SOC Tier 1
INC-00497,AST-0243,Data Leak,2025-05-18,5,2,Yes,Incident Response Team
INC-00498,AST-0181,Malware,2025-09-17,2,12,No,Incident Response Team
INC-00499,AST-0130,Data Leak,2025-12-30,3,16,Yes,SOC Tier 1
INC-00500,AST-0365,DDoS,2025-05-22,2,12,Yes,Forensics
INC-00501,AST-0089,Ransomware,2025-06-25,1,30,Yes,Forensics
INC-00502,AST-0141,Malware,2025-06-08,5,13,No,SOC Tier 1
INC-00503,AST-0221,DDoS,2025-10-17,7,30,Yes,SOC Tier 1
INC-00504,AST-0129,Malware,2025-08-18,4,13,Yes,SOC Tier 1
INC-00505,AST-0181,Ransomware,2026-04-13,5,19,Yes,SOC Tier 2
INC-00506,AST-0470,Unauthorized Access,2025-07-20,3,42,Yes,SOC Tier 2
INC-00507,AST-0415,Data Leak,2025-04-17,5,41,Yes,Incident Response Team
INC-00508,AST-0269,Malware,2025-07-25,1,8,No,Incident Response Team
INC-00509,AST-0050,Phishing,2025-09-10,3,31,Yes,SOC Tier 2
INC-00510,AST-0164,Unauthorized Access,2025-07-15,10,32,No,Forensics
INC-00511,AST-0460,DDoS,2025-10-05,4,27,Yes,SOC Tier 1
INC-00512,AST-0500,Data Leak,2026-02-01,2,5,Yes,Forensics
INC-00513,AST-0188,Data Leak,2025-07-27,3,7,No,SOC Tier 1
INC-00514,AST-0287,DDoS,2025-08-21,5,10,Yes,SOC Tier 2
INC-00515,AST-0022,DDoS,2025-08-10,1,18,Yes,SOC Tier 1
INC-00516,AST-0407,Phishing,2025-11-27,6,5,No,SOC Tier 2
INC-00517,AST-0189,Malware,2026-01-20,3,26,No,SOC Tier 2
INC-00518,AST-0107,Malware,2025-11-23,4,26,No,Incident Response Team
INC-00519,AST-0023,Phishing,2025-04-19,3,20,Yes,Forensics
INC-00520,AST-0110,Malware,2025-07-25,9,0,Yes,Incident Response Team
INC-00521,AST-0445,Unauthorized Access,2025-12-24,3,46,Yes,Forensics
INC-00522,AST-0163,Data Leak,2025-09-01,9,33,No,Forensics
INC-00523,AST-0374,Data Leak,2026-01-09,4,18,Yes,SOC Tier 1
INC-00524,AST-0183,DDoS,2025-07-15,1,6,No,Forensics
INC-00525,AST-0440,DDoS,2025-05-09,10,42,No,SOC Tier 2
INC-00526,AST-0469,DDoS,2025-12-30,9,32,No,SOC Tier 2
INC-00527,AST-0160,Unauthorized Access,2025-05-30,8,40,Yes,Forensics
INC-00528,AST-0352,Unauthorized Access,2025-10-12,2,25,Yes,Incident Response Team
INC-00529,AST-0008,DDoS,2025-08-12,4,1,No,Forensics
INC-00530,AST-0187,Unauthorized Access,2025-06-16,1,1,Yes,SOC Tier 1
INC-00531,AST-0244,Ransomware,2025-09-19,3,17,Yes,SOC Tier 2
INC-00532,AST-0015,Unauthorized Access,2026-01-06,1,32,No,SOC Tier 2
INC-00533,AST-0068,Malware,2025-10-27,9,44,No,SOC Tier 1
INC-00534,AST-0341,Malware,2026-04-08,7,40,No,Forensics
INC-00535,AST-0172,Data Leak,2026-03-28,5,3,No,SOC Tier 1
INC-00536,AST-0025,Phishing,2026-03-25,10,34,Yes,SOC Tier 1
INC-00537,AST-0133,Unauthorized Access,2026-01-13,4,10,Yes,SOC Tier 1
INC-00538,AST-0267,DDoS,2026-02-07,1,42,Yes,SOC Tier 2
INC-00539,AST-0396,Phishing,2025-08-13,2,35,Yes,SOC Tier 2
INC-00540,AST-0452,Data Leak,2026-01-08,2,9,No,SOC Tier 1
INC-00541,AST-0395,DDoS,2025-05-30,5,30,No,SOC Tier 2
INC-00542,AST-0022,Phishing,2025-12-19,5,22,No,SOC Tier 1
INC-00543,AST-0198,DDoS,2026-04-05,1,5,Yes,Incident Response Team
INC-00544,AST-0297,Data Leak,2026-04-15,4,7,Yes,Incident Response Team
INC-00545,AST-0188,Ransomware,2025-08-07,1,7,Yes,Incident Response Team
INC-00546,AST-0121,Malware,2025-09-04,6,20,Yes,Incident Response Team
INC-00547,AST-0318,Phishing,2025-12-09,10,10,Yes,SOC Tier 1
INC-00548,AST-0254,DDoS,2025-07-09,4,7,No,Forensics
INC-00549,AST-0271,Malware,2025-07-09,5,38,No,SOC Tier 2
INC-00550,AST-0065,Phishing,2025-06-05,1,34,Yes,SOC Tier 1
INC-00551,AST-0317,DDoS,2025-10-17,1,6,No,Incident Response Team
INC-00552,AST-0303,DDoS,2025-06-13,2,4,No,SOC Tier 2
INC-00553,AST-0116,Malware,2025-10-08,5,41,No,Incident Response Team
INC-00554,AST-0084,Data Leak,2026-01-30,4,26,No,Incident Response Team
INC-00555,AST-0172,Ransomware,2025-12-06,6,8,Yes,SOC Tier 2
INC-00556,AST-0211,Ransomware,2025-09-07,1,32,Yes,SOC Tier 1
INC-00557,AST-0064,Phishing,2025-09-23,4,48,No,Forensics
INC-00558,AST-0131,Ransomware,2026-01-12,5,45,Yes,SOC Tier 2
INC-00559,AST-0324,Data Leak,2025-11-14,4,37,Yes,SOC Tier 2
INC-00560,AST-0449,Phishing,2026-04-04,1,42,No,Incident Response Team
INC-00561,AST-0495,Ransomware,2025-10-14,8,25,Yes,Incident Response Team
INC-00562,AST-0132,Data Leak,2026-02-03,3,20,No,Forensics
INC-00563,AST-0295,Data Leak,2025-11-09,9,36,No,SOC Tier 1
INC-00564,AST-0121,DDoS,2026-02-20,5,11,Yes,Forensics
INC-00565,AST-0274,Data Leak,2025-12-28,10,40,Yes,Incident Response Team
INC-00566,AST-0163,Phishing,2026-03-01,9,33,No,SOC Tier 1
INC-00567,AST-0293,Malware,2025-07-08,4,46,Yes,Forensics
INC-00568,AST-0175,Unauthorized Access,2026-02-04,3,29,Yes,SOC Tier 2
INC-00569,AST-0430,DDoS,2025-07-20,4,23,No,SOC Tier 1
INC-00570,AST-0359,Unauthorized Access,2026-01-04,7,20,Yes,Forensics
INC-00571,AST-0323,Malware,2026-02-02,4,14,No,SOC Tier 1
INC-00572,AST-0193,Data Leak,2025-12-02,9,35,Yes,SOC Tier 2
INC-00573,AST-0168,Phishing,2026-03-20,3,40,Yes,Incident Response Team
INC-00574,AST-0488,Unauthorized Access,2026-02-14,2,46,No,SOC Tier 2
INC-00575,AST-0376,Data Leak,2025-05-16,6,25,No,Incident Response Team
INC-00576,AST-0031,Unauthorized Access,2025-11-05,9,31,Yes,Incident Response Team
INC-00577,AST-0449,Data Leak,2025-10-05,1,18,Yes,SOC Tier 2
INC-00578,AST-0458,Phishing,2025-11-06,6,16,Yes,SOC Tier 2
INC-00579,AST-0435,Data Leak,2026-01-13,3,0,Yes,Incident Response Team
INC-00580,AST-0125,Unauthorized Access,2025-09-02,1,45,Yes,Incident Response Team
INC-00581,AST-0146,Ransomware,2025-05-15,1,21,No,SOC Tier 2
INC-00582,AST-0179,Data Leak,2026-04-06,4,6,No,Incident Response Team
INC-00583,AST-0200,Unauthorized Access,2025-11-20,3,18,Yes,Forensics
INC-00584,AST-0126,Unauthorized Access,2025-05-28,2,36,No,SOC Tier 1
INC-00585,AST-0357,DDoS,2025-05-08,2,10,No,Forensics
INC-00586,AST-0469,Phishing,2026-03-02,7,48,Yes,SOC Tier 2
INC-00587,AST-0215,Phishing,2025-11-13,6,39,No,Incident Response Team
INC-00588,AST-0014,Phishing,2026-03-31,3,14,Yes,Incident Response Team
INC-00589,AST-0080,Data Leak,2025-10-28,6,8,No,SOC Tier 2
INC-00590,AST-0372,DDoS,2025-07-02,1,1,Yes,Forensics
INC-00591,AST-0265,Phishing,2025-11-23,4,44,Yes,Forensics
INC-00592,AST-0135,Malware,2025-11-09,2,31,No,SOC Tier 2
INC-00593,AST-0374,Phishing,2025-06-12,5,8,Yes,Incident Response Team
INC-00594,AST-0346,Unauthorized Access,2025-06-17,1,29,Yes,SOC Tier 1
INC-00595,AST-0445,Ransomware,2025-08-20,3,15,Yes,Forensics
INC-00596,AST-0429,Data Leak,2026-03-12,10,13,No,SOC Tier 1
INC-00597,AST-0163,Phishing,2025-11-03,10,8,No,SOC Tier 1
INC-00598,AST-0486,Malware,2025-10-03,2,14,Yes,SOC Tier 1
INC-00599,AST-0420,Data Leak,2025-05-30,3,22,Yes,SOC Tier 2
INC-00600,AST-0149,Malware,2026-01-04,2,26,Yes,SOC Tier 1
INC-00601,AST-0100,Data Leak,2025-07-03,1,15,Yes,SOC Tier 2
INC-00602,AST-0197,Data Leak,2026-01-18,3,14,No,Forensics
INC-00603,AST-0331,Data Leak,2025-11-27,1,3,Yes,SOC Tier 1
INC-00604,AST-0339,Malware,2025-10-21,6,11,No,Forensics
INC-00605,AST-0283,Unauthorized Access,2025-05-20,1,9,Yes,Incident Response Team
INC-00606,AST-0336,Ransomware,2026-03-30,4,45,No,Forensics
INC-00607,AST-0261,Data Leak,2025-10-30,1,47,No,Incident Response Team
INC-00608,AST-0020,DDoS,2025-10-05,5,0,No,SOC Tier 2
INC-00609,AST-0010,Malware,2026-02-23,2,18,No,SOC Tier 2
INC-00610,AST-0366,Ransomware,2025-05-06,2,14,Yes,Forensics
INC-00611,AST-0022,Ransomware,2025-10-08,6,29,No,SOC Tier 1
INC-00612,AST-0252,DDoS,2025-06-05,3,24,No,Forensics
INC-00613,AST-0497,DDoS,2025-10-31,6,15,No,SOC Tier 1
INC-00614,AST-0091,Malware,2025-09-23,6,39,No,Incident Response Team
INC-00615,AST-0490,Ransomware,2025-10-09,2,39,Yes,SOC Tier 1
INC-00616,AST-0088,Unauthorized Access,2025-11-20,6,31,No,Forensics
INC-00617,AST-0479,Unauthorized Access,2025-05-07,6,21,Yes,Incident Response Team
INC-00618,AST-0113,Ransomware,2025-11-18,2,30,No,SOC Tier 1
INC-00619,AST-0255,Malware,2025-10-11,8,36,Yes,SOC Tier 1
INC-00620,AST-0300,Ransomware,2026-01-01,6,20,No,SOC Tier 1
INC-00621,AST-0444,Ransomware,2026-02-22,4,4,Yes,SOC Tier 2
INC-00622,AST-0188,Phishing,2025-08-12,2,4,Yes,Forensics
INC-00623,AST-0209,Ransomware,2026-01-20,10,35,No,SOC Tier 1
INC-00624,AST-0151,Ransomware,2025-04-23,4,30,No,SOC Tier 2
INC-00625,AST-0006,Phishing,2025-09-15,3,8,Yes,SOC Tier 2
INC-00626,AST-0412,Unauthorized Access,2025-07-22,6,7,No,SOC Tier 2
INC-00627,AST-0293,Phishing,2026-02-26,1,24,No,Incident Response Team
INC-00628,AST-0399,Phishing,2025-04-16,4,31,Yes,SOC Tier 1
INC-00629,AST-0421,Phishing,2026-01-29,3,38,No,SOC Tier 2
INC-00630,AST-0335,Malware,2025-07-08,1,1,Yes,Forensics
INC-00631,AST-0160,Phishing,2025-11-25,9,36,Yes,SOC Tier 2
INC-00632,AST-0277,Phishing,2025-05-13,7,9,No,Forensics
INC-00633,AST-0494,Data Leak,2025-05-02,3,42,No,Forensics
INC-00634,AST-0366,Phishing,2025-09-26,5,8,No,Incident Response Team
INC-00635,AST-0388,Unauthorized Access,2025-08-26,7,42,Yes,Forensics
INC-00636,AST-0284,DDoS,2026-01-12,4,36,Yes,Incident Response Team
INC-00637,AST-0359,Data Leak,2025-05-09,8,8,Yes,SOC Tier 1
INC-00638,AST-0022,DDoS,2025-11-11,1,42,Yes,Forensics
INC-00639,AST-0095,Phishing,2025-05-08,3,44,No,Forensics
INC-00640,AST-0061,Phishing,2026-04-12,3,27,No,SOC Tier 2
INC-00641,AST-0400,Malware,2026-03-28,3,9,No,SOC Tier 2
INC-00642,AST-0283,DDoS,2025-05-11,3,22,Yes,SOC Tier 2
INC-00643,AST-0152,DDoS,2026-04-12,4,43,No,Incident Response Team
INC-00644,AST-0091,Data Leak,2025-10-15,4,30,No,Incident Response Team
INC-00645,AST-0044,Unauthorized Access,2025-04-27,5,32,No,Forensics
INC-00646,AST-0083,Phishing,2025-08-04,8,17,No,Incident Response Team
INC-00647,AST-0368,Malware,2025-09-20,1,19,No,SOC Tier 2
INC-00648,AST-0113,Malware,2025-06-23,3,26,Yes,Forensics
INC-00649,AST-0495,Unauthorized Access,2026-02-07,9,34,No,SOC Tier 1
INC-00650,AST-0038,Ransomware,2025-06-06,8,3,No,SOC Tier 2
INC-00651,AST-0205,Unauthorized Access,2026-02-06,4,45,No,SOC Tier 2
INC-00652,AST-0456,Ransomware,2025-12-20,8,20,Yes,Forensics
INC-00653,AST-0034,Phishing,2026-01-23,5,16,No,SOC Tier 2
INC-00654,AST-0237,Phishing,2025-12-21,1,36,Yes,Incident Response Team
INC-00655,AST-0466,Ransomware,2025-09-25,10,23,Yes,SOC Tier 2
INC-00656,AST-0306,Phishing,2025-09-07,8,18,No,Forensics
INC-00657,AST-0011,DDoS,2026-03-27,7,22,No,Forensics
INC-00658,AST-0117,DDoS,2025-09-10,2,7,No,SOC Tier 1
INC-00659,AST-0454,Malware,2025-10-06,4,13,Yes,SOC Tier 2
INC-00660,AST-0246,DDoS,2026-03-18,1,28,Yes,SOC Tier 2
INC-00661,AST-0437,Unauthorized Access,2026-04-06,8,41,Yes,SOC Tier 1
INC-00662,AST-0232,Ransomware,2026-04-02,5,45,No,Incident Response Team
INC-00663,AST-0428,Ransomware,2025-09-08,1,25,No,Forensics
INC-00664,AST-0065,Unauthorized Access,2025-09-07,6,0,No,SOC Tier 2
INC-00665,AST-0202,Ransomware,2025-05-16,4,14,Yes,Forensics
INC-00666,AST-0459,Malware,2026-01-05,2,7,Yes,SOC Tier 2
INC-00667,AST-0155,Malware,2025-12-28,8,3,No,Incident Response Team
INC-00668,AST-0295,Unauthorized Access,2026-03-20,8,16,Yes,SOC Tier 2
INC-00669,AST-0431,Unauthorized Access,2025-11-10,2,28,No,SOC Tier 1
INC-00670,AST-0432,Phishing,2025-06-05,5,44,No,Forensics
INC-00671,AST-0138,Ransomware,2025-12-24,6,40,Yes,SOC Tier 2
INC-00672,AST-0473,Malware,2026-03-15,4,21,No,Incident Response Team
INC-00673,AST-0067,Data Leak,2025-08-28,10,8,Yes,Incident Response Team
INC-00674,AST-0428,DDoS,2025-05-31,4,36,Yes,SOC Tier 1
INC-00675,AST-0156,Phishing,2025-06-23,2,16,No,SOC Tier 1
INC-00676,AST-0097,Phishing,2025-11-09,5,23,Yes,SOC Tier 1
INC-00677,AST-0312,Malware,2025-09-14,1,21,No,Forensics
INC-00678,AST-0036,Unauthorized Access,2025-11-06,1,22,Yes,SOC Tier 1
INC-00679,AST-0323,Data Leak,2025-06-03,2,46,Yes,Incident Response Team
INC-00680,AST-0194,Ransomware,2026-01-22,3,4,Yes,Incident Response Team
INC-00681,AST-0286,DDoS,2025-07-10,1,15,Yes,Incident Response Team
INC-00682,AST-0019,Unauthorized Access,2026-03-05,4,32,No,SOC Tier 1
INC-00683,AST-0062,Phishing,2025-04-16,6,21,Yes,SOC Tier 1
INC-00684,AST-0470,Data Leak,2026-02-02,3,41,Yes,Forensics
INC-00685,AST-0412,Unauthorized Access,2025-04-23,3,20,No,SOC Tier 1
INC-00686,AST-0274,Malware,2025-08-08,8,39,Yes,SOC Tier 1
INC-00687,AST-0285,Data Leak,2025-10-11,4,20,No,Incident Response Team
INC-00688,AST-0489,Malware,2026-01-01,4,31,No,Incident Response Team
INC-00689,AST-0320,Malware,2026-01-19,7,38,Yes,SOC Tier 2
INC-00690,AST-0353,Ransomware,2025-11-12,10,6,No,SOC Tier 2
INC-00691,AST-0396,Ransomware,2025-09-26,4,6,No,SOC Tier 1
INC-00692,AST-0014,DDoS,2025-11-07,1,33,No,Forensics
INC-00693,AST-0443,Unauthorized Access,2025-09-09,5,7,Yes,Forensics
INC-00694,AST-0163,Unauthorized Access,2026-02-28,10,22,Yes,SOC Tier 2
INC-00695,AST-0100,Unauthorized Access,2025-07-13,2,4,No,SOC Tier 1
INC-00696,AST-0380,DDoS,2025-07-20,6,1,No,SOC Tier 2
INC-00697,AST-0112,Phishing,2025-10-10,3,16,No,SOC Tier 1
INC-00698,AST-0305,Unauthorized Access,2025-08-27,9,20,No,SOC Tier 2
INC-00699,AST-0308,Phishing,2025-06-14,9,23,Yes,SOC Tier 2
INC-00700,AST-0188,Ransomware,2025-07-31,5,37,Yes,Incident Response Team
INC-00701,AST-0271,Unauthorized Access,2025-06-27,2,25,Yes,SOC Tier 1
INC-00702,AST-0030,Ransomware,2026-04-14,4,30,No,SOC Tier 1
INC-00703,AST-0314,Ransomware,2026-03-20,1,21,No,Forensics
INC-00704,AST-0115,Data Leak,2026-01-21,4,31,Yes,SOC Tier 1
INC-00705,AST-0292,Malware,2026-02-06,8,9,No,SOC Tier 2
INC-00706,AST-0058,Unauthorized Access,2025-05-28,2,11,No,Forensics
INC-00707,AST-0166,Data Leak,2025-04-27,4,35,Yes,Incident Response Team
INC-00708,AST-0454,Malware,2026-02-23,3,40,No,SOC Tier 1
INC-00709,AST-0325,DDoS,2025-12-27,2,8,No,Incident Response Team
INC-00710,AST-0377,Malware,2025-09-24,4,15,Yes,Forensics
INC-00711,AST-0249,Malware,2025-12-09,2,34,No,SOC Tier 2
INC-00712,AST-0286,Malware,2026-02-06,6,40,No,SOC Tier 2
INC-00713,AST-0343,Ransomware,2026-04-13,5,10,No,Forensics
INC-00714,AST-0314,Unauthorized Access,2026-03-24,4,47,Yes,SOC Tier 1
INC-00715,AST-0122,DDoS,2026-03-26,5,8,No,SOC Tier 2
INC-00716,AST-0103,Ransomware,2025-04-21,6,30,No,SOC Tier 2
INC-00717,AST-0332,Data Leak,2025-07-17,1,3,Yes,Forensics
INC-00718,AST-0083,Phishing,2025-07-04,7,4,Yes,SOC Tier 2
INC-00719,AST-0206,DDoS,2025-05-11,6,9,Yes,Incident Response Team
INC-00720,AST-0063,DDoS,2025-05-24,6,31,Yes,SOC Tier 1
INC-00721,AST-0102,Ransomware,2025-12-01,3,42,No,Forensics
INC-00722,AST-0072,Malware,2025-04-28,4,48,No,SOC Tier 1
INC-00723,AST-0406,Data Leak,2025-10-05,6,37,No,SOC Tier 1
INC-00724,AST-0350,DDoS,2025-12-03,4,45,No,Incident Response Team
INC-00725,AST-0467,Unauthorized Access,2025-12-31,4,29,No,Incident Response Team
INC-00726,AST-0263,Data Leak,2026-01-13,1,39,No,SOC Tier 2
INC-00727,AST-0429,DDoS,2026-03-19,8,17,Yes,SOC Tier 1
INC-00728,AST-0273,Ransomware,2025-05-03,5,23,Yes,SOC Tier 2
INC-00729,AST-0312,Phishing,2025-07-19,3,43,No,Incident Response Team
INC-00730,AST-0100,Unauthorized Access,2026-01-27,2,39,Yes,SOC Tier 2
INC-00731,AST-0199,Malware,2025-05-02,2,37,Yes,Incident Response Team
INC-00732,AST-0048,Data Leak,2025-09-18,2,45,Yes,Forensics
INC-00733,AST-0250,DDoS,2025-10-02,1,44,No,Forensics
INC-00734,AST-0384,Unauthorized Access,2025-07-15,8,3,Yes,Incident Response Team
INC-00735,AST-0203,Ransomware,2025-11-10,4,37,Yes,SOC Tier 1
INC-00736,AST-0483,Malware,2025-07-08,3,47,Yes,SOC Tier 1
INC-00737,AST-0026,Unauthorized Access,2026-02-01,1,45,Yes,Forensics
INC-00738,AST-0095,Malware,2026-03-16,1,32,Yes,SOC Tier 2
INC-00739,AST-0414,DDoS,2026-02-10,4,35,Yes,Incident Response Team
INC-00740,AST-0103,DDoS,2025-05-06,4,38,No,SOC Tier 2
INC-00741,AST-0326,DDoS,2025-06-08,2,18,Yes,Incident Response Team
INC-00742,AST-0393,Malware,2025-10-27,4,38,Yes,SOC Tier 1
INC-00743,AST-0116,Data Leak,2025-08-05,3,25,No,SOC Tier 1
INC-00744,AST-0123,Unauthorized Access,2025-07-14,9,15,No,Forensics
INC-00745,AST-0326,Ransomware,2026-02-25,3,15,Yes,SOC Tier 1
INC-00746,AST-0255,Malware,2026-04-05,8,31,Yes,Forensics
INC-00747,AST-0488,DDoS,2026-01-24,4,9,Yes,Incident Response Team
INC-00748,AST-0011,Data Leak,2025-11-24,10,21,No,SOC Tier 2
INC-00749,AST-0191,Unauthorized Access,2025-08-16,6,42,Yes,Incident Response Team
INC-00750,AST-0435,Malware,2025-11-25,1,2,Yes,SOC Tier 1
INC-00751,AST-0240,Unauthorized Access,2025-12-03,5,42,Yes,SOC Tier 1
INC-00752,AST-0138,Ransomware,2026-02-09,3,47,No,SOC Tier 1
INC-00753,AST-0215,Malware,2026-01-01,3,37,Yes,Incident Response Team
INC-00754,AST-0001,Phishing,2026-02-26,3,9,No,SOC Tier 1
INC-00755,AST-0045,Ransomware,2025-08-17,4,12,Yes,SOC Tier 2
INC-00756,AST-0206,DDoS,2025-07-16,2,26,Yes,Forensics
INC-00757,AST-0122,Ransomware,2025-08-10,5,48,Yes,SOC Tier 1
INC-00758,AST-0011,Malware,2026-03-21,7,3,Yes,SOC Tier 1
INC-00759,AST-0292,Malware,2025-06-09,8,35,No,SOC Tier 1
INC-00760,AST-0190,Malware,2025-12-27,6,19,Yes,SOC Tier 2
INC-00761,AST-0372,Ransomware,2025-11-03,5,14,No,Incident Response Team
INC-00762,AST-0493,DDoS,2025-07-09,7,34,Yes,SOC Tier 1
INC-00763,AST-0097,Ransomware,2025-09-22,5,14,Yes,Incident Response Team
INC-00764,AST-0242,Phishing,2025-08-09,6,40,No,Forensics
INC-00765,AST-0154,Malware,2025-07-30,4,15,No,Forensics
INC-00766,AST-0384,Data Leak,2025-05-08,8,41,Yes,SOC Tier 1
INC-00767,AST-0105,Phishing,2025-11-17,2,43,No,SOC Tier 1
INC-00768,AST-0456,Data Leak,2025-11-30,9,19,No,Incident Response Team
INC-00769,AST-0027,Malware,2026-03-22,4,22,Yes,SOC Tier 1
INC-00770,AST-0048,Malware,2026-01-25,1,22,Yes,SOC Tier 2
INC-00771,AST-0121,Data Leak,2026-04-04,1,27,No,SOC Tier 2
INC-00772,AST-0387,Unauthorized Access,2025-06-22,5,39,No,SOC Tier 2
INC-00773,AST-0148,Data Leak,2025-12-14,7,37,Yes,Incident Response Team
INC-00774,AST-0167,Ransomware,2026-01-03,2,27,Yes,Forensics
INC-00775,AST-0364,Ransomware,2025-09-27,4,22,Yes,SOC Tier 1
INC-00776,AST-0060,Unauthorized Access,2025-11-16,4,27,No,SOC Tier 1
INC-00777,AST-0146,Unauthorized Access,2025-10-24,5,30,No,SOC Tier 2
INC-00778,AST-0277,Unauthorized Access,2025-05-03,8,15,No,Incident Response Team
INC-00779,AST-0447,Malware,2025-08-26,1,46,No,SOC Tier 2
INC-00780,AST-0244,Unauthorized Access,2026-04-15,4,11,Yes,SOC Tier 2
INC-00781,AST-0438,Unauthorized Access,2025-12-20,4,27,No,SOC Tier 1
INC-00782,AST-0442,Unauthorized Access,2025-12-31,8,41,No,SOC Tier 1
INC-00783,AST-0441,DDoS,2025-09-10,4,10,Yes,SOC Tier 1
INC-00784,AST-0121,DDoS,2026-02-14,4,37,Yes,Incident Response Team
INC-00785,AST-0364,Data Leak,2025-11-04,5,6,Yes,Incident Response Team
INC-00786,AST-0467,Data Leak,2025-08-16,3,30,No,Forensics
INC-00787,AST-0429,Unauthorized Access,2026-01-10,8,20,No,Forensics
INC-00788,AST-0242,Malware,2025-09-23,3,35,Yes,Incident Response Team
INC-00789,AST-0203,Data Leak,2025-09-20,6,1,No,SOC Tier 1
INC-00790,AST-0174,Ransomware,2025-06-11,1,18,Yes,Forensics
INC-00791,AST-0097,Unauthorized Access,2025-08-09,1,21,No,SOC Tier 2
INC-00792,AST-0091,Malware,2025-09-08,5,8,No,Forensics
INC-00793,AST-0494,Malware,2025-06-25,3,34,No,SOC Tier 1
INC-00794,AST-0187,Malware,2026-02-01,6,19,No,SOC Tier 1
INC-00795,AST-0197,Ransomware,2025-11-09,1,23,Yes,SOC Tier 1
INC-00796,AST-0195,Data Leak,2025-10-15,6,11,No,Incident Response Team
INC-00797,AST-0129,Ransomware,2025-07-17,5,40,Yes,Forensics
INC-00798,AST-0258,Unauthorized Access,2026-03-10,5,22,No,SOC Tier 1
INC-00799,AST-0256,Phishing,2025-07-11,6,41,Yes,SOC Tier 2
INC-00800,AST-0189,Phishing,2025-08-09,5,1,Yes,SOC Tier 1
INC-00801,AST-0357,Phishing,2026-03-14,6,21,Yes,SOC Tier 1
INC-00802,AST-0163,Ransomware,2026-01-14,10,2,No,Incident Response Team
INC-00803,AST-0420,Data Leak,2025-06-10,2,48,Yes,Forensics
INC-00804,AST-0255,Phishing,2026-02-21,9,11,Yes,SOC Tier 2
INC-00805,AST-0139,Unauthorized Access,2025-10-11,2,38,Yes,SOC Tier 1
INC-00806,AST-0293,Data Leak,2026-04-05,6,1,No,SOC Tier 2
INC-00807,AST-0441,Malware,2025-05-07,1,31,Yes,SOC Tier 1
INC-00808,AST-0434,DDoS,2025-11-19,2,11,No,Forensics
INC-00809,AST-0423,DDoS,2025-09-22,8,44,No,Incident Response Team
INC-00810,AST-0302,Unauthorized Access,2025-09-23,8,47,No,SOC Tier 1
INC-00811,AST-0078,DDoS,2025-11-17,6,31,Yes,Incident Response Team
INC-00812,AST-0260,Unauthorized Access,2025-11-06,3,42,No,Forensics
INC-00813,AST-0185,Unauthorized Access,2025-06-06,6,16,Yes,Forensics
INC-00814,AST-0355,Unauthorized Access,2025-09-12,5,13,No,Incident Response Team
INC-00815,AST-0088,DDoS,2025-07-18,3,14,No,Incident Response Team
INC-00816,AST-0232,Malware,2025-07-23,6,17,No,Forensics
INC-00817,AST-0345,Data Leak,2025-07-02,5,42,No,Incident Response Team
INC-00818,AST-0079,Phishing,2025-08-21,5,42,No,SOC Tier 2
INC-00819,AST-0304,Data Leak,2025-12-22,3,47,Yes,Incident Response Team
INC-00820,AST-0229,Data Leak,2025-05-15,6,27,Yes,Forensics
INC-00821,AST-0467,Phishing,2026-04-08,4,27,No,Incident Response Team
INC-00822,AST-0186,DDoS,2025-10-06,5,15,Yes,SOC Tier 1
INC-00823,AST-0190,Unauthorized Access,2026-03-09,6,30,No,Forensics
INC-00824,AST-0230,Data Leak,2025-09-06,1,38,No,SOC Tier 2
INC-00825,AST-0144,Ransomware,2025-05-20,2,26,Yes,Incident Response Team
INC-00826,AST-0024,Phishing,2025-11-09,3,46,No,Incident Response Team
INC-00827,AST-0082,Malware,2026-01-21,5,22,Yes,Incident Response Team
INC-00828,AST-0220,Malware,2026-03-03,3,23,Yes,SOC Tier 2
INC-00829,AST-0048,DDoS,2025-06-27,5,25,No,SOC Tier 2
INC-00830,AST-0468,Malware,2025-05-05,6,3,No,SOC Tier 2
INC-00831,AST-0219,Phishing,2025-07-28,9,48,Yes,SOC Tier 1
INC-00832,AST-0325,Unauthorized Access,2025-09-08,6,28,Yes,Forensics
INC-00833,AST-0261,Data Leak,2026-01-01,2,20,No,Incident Response Team
INC-00834,AST-0407,Ransomware,2025-12-05,6,43,Yes,SOC Tier 2
INC-00835,AST-0258,Malware,2025-12-05,5,4,No,SOC Tier 2
INC-00836,AST-0220,Data Leak,2025-04-30,3,22,Yes,Incident Response Team
INC-00837,AST-0172,Ransomware,2026-03-20,1,8,Yes,Incident Response Team
INC-00838,AST-0049,Malware,2025-05-13,3,42,Yes,SOC Tier 1
INC-00839,AST-0237,Phishing,2025-06-27,3,21,Yes,SOC Tier 1
INC-00840,AST-0009,Unauthorized Access,2026-02-21,2,38,No,SOC Tier 2
INC-00841,AST-0012,Unauthorized Access,2026-02-04,2,39,No,SOC Tier 2
INC-00842,AST-0313,Ransomware,2025-11-29,7,46,Yes,SOC Tier 1
INC-00843,AST-0483,Phishing,2026-01-21,2,42,No,SOC Tier 1
INC-00844,AST-0461,Phishing,2025-12-31,3,25,No,SOC Tier 2
INC-00845,AST-0232,DDoS,2025-11-18,4,9,No,Forensics
INC-00846,AST-0084,Ransomware,2025-07-08,2,22,Yes,SOC Tier 1
INC-00847,AST-0404,DDoS,2025-10-18,5,31,Yes,SOC Tier 2
INC-00848,AST-0218,Ransomware,2025-07-05,5,43,No,Incident Response Team
INC-00849,AST-0397,DDoS,2026-03-18,3,5,No,Forensics
INC-00850,AST-0437,Data Leak,2026-04-02,7,40,Yes,SOC Tier 2
INC-00851,AST-0073,Malware,2025-08-22,9,5,No,Incident Response Team
INC-00852,AST-0263,DDoS,2025-08-10,3,20,Yes,Forensics
INC-00853,AST-0123,Unauthorized Access,2026-04-03,7,8,No,SOC Tier 2
INC-00854,AST-0395,Malware,2025-04-20,5,26,No,SOC Tier 2
INC-00855,AST-0105,Unauthorized Access,2025-07-06,2,16,No,SOC Tier 1
INC-00856,AST-0326,Malware,2026-04-13,2,42,No,Forensics
INC-00857,AST-0043,Unauthorized Access,2025-06-27,9,46,Yes,Forensics
INC-00858,AST-0142,Malware,2026-01-27,3,11,No,SOC Tier 1
INC-00859,AST-0433,DDoS,2025-05-30,5,33,Yes,Forensics
INC-00860,AST-0446,Phishing,2026-01-30,4,0,Yes,Forensics
INC-00861,AST-0186,Phishing,2026-02-01,5,5,No,SOC Tier 2
INC-00862,AST-0227,Phishing,2025-10-17,1,39,No,SOC Tier 1
INC-00863,AST-0218,Ransomware,2026-04-05,4,31,Yes,Incident Response Team
INC-00864,AST-0236,Malware,2025-07-18,3,45,No,SOC Tier 2
INC-00865,AST-0491,Ransomware,2026-01-10,2,45,No,Forensics
INC-00866,AST-0091,Ransomware,2025-12-05,2,6,Yes,SOC Tier 2
INC-00867,AST-0386,Phishing,2026-01-13,3,33,Yes,Incident Response Team
INC-00868,AST-0183,DDoS,2025-07-03,5,5,No,SOC Tier 2
INC-00869,AST-0045,Phishing,2025-09-16,1,23,Yes,Forensics
INC-00870,AST-0262,DDoS,2026-04-05,3,2,Yes,SOC Tier 2
INC-00871,AST-0136,Malware,2025-07-16,8,15,No,SOC Tier 2
INC-00872,AST-0082,DDoS,2025-11-15,4,23,No,Forensics
INC-00873,AST-0184,Phishing,2025-08-17,4,38,Yes,SOC Tier 1
INC-00874,AST-0141,DDoS,2026-02-10,6,18,Yes,Incident Response Team
INC-00875,AST-0439,DDoS,2025-08-02,6,12,Yes,SOC Tier 2
INC-00876,AST-0113,DDoS,2025-09-09,6,15,No,Incident Response Team
INC-00877,AST-0053,Malware,2025-10-13,2,2,Yes,Forensics
INC-00878,AST-0286,Malware,2025-11-08,4,43,Yes,Incident Response Team
INC-00879,AST-0473,Unauthorized Access,2025-12-22,1,9,Yes,Forensics
INC-00880,AST-0045,Phishing,2025-09-01,5,24,No,SOC Tier 1
INC-00881,AST-0266,Phishing,2025-08-12,4,10,Yes,Forensics
INC-00882,AST-0201,Ransomware,2025-07-25,2,39,Yes,SOC Tier 1
INC-00883,AST-0500,Data Leak,2025-09-01,6,31,Yes,SOC Tier 2
INC-00884,AST-0200,Malware,2025-10-31,2,37,Yes,Forensics
INC-00885,AST-0062,Malware,2026-03-23,5,20,No,SOC Tier 2
INC-00886,AST-0433,Unauthorized Access,2025-10-25,6,27,No,SOC Tier 1
INC-00887,AST-0426,DDoS,2025-10-12,7,8,No,Forensics
INC-00888,AST-0364,Unauthorized Access,2025-05-23,1,41,No,Incident Response Team
INC-00889,AST-0453,Ransomware,2026-02-20,5,39,Yes,Incident Response Team
INC-00890,AST-0104,Malware,2026-01-20,2,16,No,Incident Response Team
INC-00891,AST-0112,Malware,2025-10-14,1,11,Yes,SOC Tier 2
INC-00892,AST-0411,Unauthorized Access,2026-02-04,6,47,Yes,Forensics
INC-00893,AST-0476,Data Leak,2026-03-07,5,2,Yes,Incident Response Team
INC-00894,AST-0070,DDoS,2025-08-17,6,3,Yes,Incident Response Team
INC-00895,AST-0048,Unauthorized Access,2026-04-05,5,28,No,SOC Tier 1
INC-00896,AST-0376,Ransomware,2025-07-02,2,3,No,SOC Tier 1
INC-00897,AST-0269,Ransomware,2025-09-05,5,13,No,Forensics
INC-00898,AST-0112,Ransomware,2025-08-14,6,29,No,Incident Response Team
INC-00899,AST-0429,Data Leak,2025-09-22,7,45,Yes,SOC Tier 2
INC-00900,AST-0178,Data Leak,2025-05-02,4,32,Yes,SOC Tier 1
INC-00901,AST-0429,Phishing,2025-11-19,7,35,Yes,Forensics
INC-00902,AST-0258,Malware,2026-03-16,2,3,No,SOC Tier 1
INC-00903,AST-0132,Phishing,2025-07-09,2,17,No,SOC Tier 1
INC-00904,AST-0445,Data Leak,2026-01-27,1,19,Yes,SOC Tier 2
INC-00905,AST-0309,Malware,2025-06-10,1,15,Yes,Incident Response Team
INC-00906,AST-0002,Phishing,2025-04-21,8,2,Yes,SOC Tier 1
INC-00907,AST-0313,Data Leak,2025-07-25,10,7,No,SOC Tier 2
INC-00908,AST-0141,Malware,2025-11-15,4,15,Yes,Forensics
INC-00909,AST-0290,Ransomware,2026-04-13,2,24,Yes,Forensics
INC-00910,AST-0365,Data Leak,2025-11-27,6,37,No,Forensics
INC-00911,AST-0292,Unauthorized Access,2025-11-25,10,11,Yes,SOC Tier 1
INC-00912,AST-0497,DDoS,2026-01-19,1,8,Yes,Incident Response Team
INC-00913,AST-0196,Ransomware,2025-09-24,6,6,Yes,Forensics
INC-00914,AST-0273,Unauthorized Access,2025-08-07,1,7,No,SOC Tier 2
INC-00915,AST-0222,Data Leak,2025-06-13,3,23,Yes,Incident Response Team
INC-00916,AST-0215,Phishing,2025-06-30,1,13,No,SOC Tier 1
INC-00917,AST-0297,DDoS,2025-08-21,5,5,Yes,SOC Tier 1
INC-00918,AST-0277,Ransomware,2025-07-13,9,19,No,Incident Response Team
INC-00919,AST-0391,Unauthorized Access,2025-09-09,3,38,No,SOC Tier 2
INC-00920,AST-0360,Unauthorized Access,2025-11-22,5,22,No,Forensics
INC-00921,AST-0155,Data Leak,2026-03-04,7,11,No,Forensics
INC-00922,AST-0269,Malware,2025-07-19,4,15,No,Forensics
INC-00923,AST-0320,Ransomware,2025-10-25,7,48,No,SOC Tier 2
INC-00924,AST-0156,Phishing,2025-11-14,4,37,No,Forensics
INC-00925,AST-0071,Phishing,2025-12-25,1,47,No,Forensics
INC-00926,AST-0465,Data Leak,2026-01-05,4,14,Yes,Incident Response Team
INC-00927,AST-0211,Unauthorized Access,2025-08-24,3,13,No,SOC Tier 1
INC-00928,AST-0128,Data Leak,2025-07-23,2,33,No,Incident Response Team
INC-00929,AST-0291,Phishing,2026-02-05,1,46,Yes,SOC Tier 2
INC-00930,AST-0305,Ransomware,2026-02-28,9,24,Yes,Incident Response Team
INC-00931,AST-0070,Unauthorized Access,2025-10-21,3,24,Yes,Forensics
INC-00932,AST-0064,Phishing,2026-01-21,4,46,Yes,SOC Tier 1
INC-00933,AST-0462,Ransomware,2025-12-20,3,7,Yes,Forensics
INC-00934,AST-0320,Malware,2026-01-27,10,43,No,SOC Tier 2
INC-00935,AST-0104,Ransomware,2025-10-22,6,6,No,SOC Tier 2
INC-00936,AST-0038,Data Leak,2025-10-10,9,14,Yes,Forensics
INC-00937,AST-0483,Ransomware,2025-06-19,5,26,Yes,Forensics
INC-00938,AST-0396,Unauthorized Access,2026-01-24,3,1,No,Forensics
INC-00939,AST-0096,Unauthorized Access,2026-02-17,9,34,No,Forensics
INC-00940,AST-0108,Phishing,2025-08-29,1,24,Yes,SOC Tier 1
INC-00941,AST-0251,DDoS,2025-06-19,1,34,Yes,Forensics
INC-00942,AST-0196,Data Leak,2025-06-08,6,41,Yes,Forensics
INC-00943,AST-0393,Phishing,2026-01-19,6,44,Yes,Incident Response Team
INC-00944,AST-0297,Phishing,2025-11-13,5,47,Yes,SOC Tier 1
INC-00945,AST-0388,Unauthorized Access,2025-10-21,8,3,No,Incident Response Team
INC-00946,AST-0217,Phishing,2025-06-25,5,17,Yes,SOC Tier 1
INC-00947,AST-0253,Malware,2026-04-06,3,24,Yes,SOC Tier 1
INC-00948,AST-0340,Data Leak,2026-03-26,1,28,Yes,SOC Tier 2
INC-00949,AST-0496,DDoS,2025-11-11,8,30,Yes,SOC Tier 2
INC-00950,AST-0155,Malware,2025-12-20,7,34,Yes,Forensics
INC-00951,AST-0208,Data Leak,2025-05-07,6,25,Yes,Forensics
INC-00952,AST-0046,Ransomware,2025-11-04,3,28,No,Forensics
INC-00953,AST-0085,Data Leak,2025-04-28,3,39,No,SOC Tier 1
INC-00954,AST-0210,Phishing,2026-03-06,9,8,Yes,Forensics
INC-00955,AST-0092,Malware,2026-03-09,1,17,No,Incident Response Team
INC-00956,AST-0180,DDoS,2025-05-13,4,33,Yes,SOC Tier 1
INC-00957,AST-0264,Unauthorized Access,2026-02-26,1,4,No,SOC Tier 2
INC-00958,AST-0308,Unauthorized Access,2025-12-30,9,15,Yes,Forensics
INC-00959,AST-0441,Malware,2025-05-03,2,10,No,Incident Response Team
INC-00960,AST-0155,Unauthorized Access,2026-02-05,9,11,No,SOC Tier 1
INC-00961,AST-0182,Data Leak,2025-04-17,4,19,No,SOC Tier 2
INC-00962,AST-0377,Data Leak,2025-09-22,4,32,Yes,SOC Tier 1
INC-00963,AST-0014,Phishing,2025-06-07,5,33,Yes,Forensics
INC-00964,AST-0390,Phishing,2026-03-08,5,44,Yes,SOC Tier 1
INC-00965,AST-0452,Ransomware,2025-12-15,2,0,No,SOC Tier 1
INC-00966,AST-0494,Unauthorized Access,2025-07-13,4,22,Yes,SOC Tier 2
INC-00967,AST-0107,Unauthorized Access,2025-05-11,1,14,Yes,Forensics
INC-00968,AST-0264,Phishing,2026-01-14,1,4,No,Incident Response Team
INC-00969,AST-0316,Data Leak,2025-06-12,3,2,Yes,Incident Response Team
INC-00970,AST-0357,Data Leak,2025-04-18,6,3,Yes,Forensics
INC-00971,AST-0314,Phishing,2025-07-08,6,38,No,Incident Response Team
INC-00972,AST-0216,Data Leak,2025-10-28,9,21,Yes,Incident Response Team
INC-00973,AST-0283,Unauthorized Access,2025-10-09,6,15,Yes,SOC Tier 2
INC-00974,AST-0493,DDoS,2025-09-06,10,46,Yes,SOC Tier 2
INC-00975,AST-0170,DDoS,2025-05-08,2,21,Yes,Forensics
INC-00976,AST-0382,Malware,2025-12-10,3,38,Yes,Incident Response Team
INC-00977,AST-0296,Malware,2025-12-18,5,40,No,Forensics
INC-00978,AST-0013,Phishing,2025-12-29,4,6,Yes,SOC Tier 2
INC-00979,AST-0173,Malware,2026-04-12,4,7,No,SOC Tier 2
INC-00980,AST-0263,Data Leak,2025-12-10,5,16,No,Incident Response Team
INC-00981,AST-0311,Phishing,2026-04-04,1,46,No,Incident Response Team
INC-00982,AST-0400,Malware,2025-10-19,2,20,No,SOC Tier 2
INC-00983,AST-0172,Data Leak,2025-12-27,1,15,Yes,Forensics
INC-00984,AST-0203,Unauthorized Access,2025-10-21,5,33,No,SOC Tier 1
INC-00985,AST-0431,Data Leak,2025-04-21,6,27,No,Incident Response Team
INC-00986,AST-0242,Data Leak,2025-04-17,5,29,Yes,Incident Response Team
INC-00987,AST-0281,Data Leak,2025-11-07,7,47,Yes,SOC Tier 1
INC-00988,AST-0241,Unauthorized Access,2025-11-15,4,40,Yes,Incident Response Team
INC-00989,AST-0158,Malware,2025-09-21,6,26,No,SOC Tier 1
INC-00990,AST-0331,Phishing,2025-04-19,1,13,No,SOC Tier 2
INC-00991,AST-0401,Unauthorized Access,2025-04-21,4,1,No,SOC Tier 2
INC-00992,AST-0341,Unauthorized Access,2025-11-06,7,42,Yes,Incident Response Team
INC-00993,AST-0135,Ransomware,2026-01-20,1,11,No,SOC Tier 2
INC-00994,AST-0266,Phishing,2025-07-30,6,41,Yes,Incident Response Team
INC-00995,AST-0154,Ransomware,2025-11-09,1,39,Yes,SOC Tier 1
INC-00996,AST-0420,Ransomware,2025-08-04,4,15,Yes,SOC Tier 2
INC-00997,AST-0453,DDoS,2025-04-21,4,19,Yes,SOC Tier 1
INC-00998,AST-0033,Malware,2025-10-27,5,41,No,Incident Response Team
INC-00999,AST-0094,Phishing,2026-02-24,3,18,No,SOC Tier 2
INC-01000,AST-0126,Ransomware,2026-01-11,6,1,Yes,Incident Response Team
